{"config":{"start_time":1000000,"end_time":2000000,"initial_capital":10000.0,"trading_fee_pct":0.003,"slippage_pct":0.005,"max_position_size_pct":0.1,"enabled":true},"total_trades":3,"winning_trades":3,"losing_trades":0,"total_profit_loss":28.35000000000001,"total_fees_paid":0.009000000000000001,"total_slippage_loss":1.6499999999999915,"win_rate":1.0,"avg_profit_per_trade":9.450000000000003,"max_drawdown":0.0,"sharpe_ratio":0.0,"sortino_ratio":0.0,"calmar_ratio":0.0,"max_consecutive_wins":3,"max_consecutive_losses":0,"individual_trades":[{"plan_id":"ml_plan_1500000","entry_time":1500000,"exit_time":5100000,"entry_price":100.0,"exit_price":109.45,"amount_in":1.0,"amount_out":1.0945,"profit_loss":9.450000000000003,"profit_loss_pct":9.450000000000003,"fees_paid":0.003,"slippage_loss":0.5499999999999972,"position_size_pct":0.01},{"plan_id":"ml_plan_1600000","entry_time":1600000,"exit_time":5200000,"entry_price":100.0,"exit_price":109.45,"amount_in":1.0,"amount_out":1.0945,"profit_loss":9.450000000000003,"profit_loss_pct":9.450000000000003,"fees_paid":0.003,"slippage_loss":0.5499999999999972,"position_size_pct":0.01},{"plan_id":"ml_plan_1700000","entry_time":1700000,"exit_time":5300000,"entry_price":100.0,"exit_price":109.45,"amount_in":1.0,"amount_out":1.0945,"profit_loss":9.450000000000003,"profit_loss_pct":9.450000000000003,"fees_paid":0.003,"slippage_loss":0.5499999999999972,"position_size_pct":0.01}]}
